drug_name,date,qty_sold,batch_number,mrp_unit_price,total_amount,txn_id
Dolo 650,2026-09-15,40,,30.0,1200.0,DEMO-S-1001
dolo-650,2026-09-16,25,,30.0,750.0,DEMO-S-1002
Pan 40,2026-09-16,12,,152.0,1824.0,DEMO-S-1003
GLYCOMET 500,2026-09-17,60,,24.5,1470.0,DEMO-S-1004
Telma-40,2026-09-17,18,,219.0,3942.0,DEMO-S-1005
Allegra 120,2026-09-18,33,,197.0,6501.0,DEMO-S-1006
azithral 500,2026-09-18,9,,118.0,1062.0,DEMO-S-1007
Dolo 650,2026-09-19,52,,30.0,1560.0,DEMO-S-1008
Pan 40,2026-09-19,0,,152.0,0.0,DEMO-S-1009
Crocine 500,2026-09-20,15,,20.0,300.0,DEMO-S-1010
Glycomet 500,2026-09-20,44,,24.5,1078.0,DEMO-S-1011
Dolo 650,2026-12-25,10,,30.0,300.0,DEMO-S-1012
